<?xml version="1.0" encoding="utf-8" ?>
<extension type="module" version="2.5.0" client="site" method="upgrade">
    <name>Naga's Module Entry!</name>
    <author>Naga Murugan</author>
    <version>1.0.0</version>
    <description>It's My Helloworld Module</description>
    <install>
     <sql>
         <file driver="mysql" charset="utf8">sql/mysql/install.mysql.utf8.sql</file>
         <file driver="sqlazure" charset="utf8">sql/sqlazure/install.sqlazure.utf8.sql</file>
     </sql>
    </install>

    <uninstall>
        <sql>
            <file driver="mysql" charset="utf8">sql/mysql/uninstall.mysql.utf8.sql</file>
            <file driver="sqlazure" charset="utf8">sql/sqlazure/uninstall.sqlazure.utf8.sql</file>
        </sql>
    </uninstall>

    <update> 
        <schemas>
            <schemapath type="mysql">sql/mysql/updates</schemapath> 
        <schemapath type="sqlazure">sql/sqlazure/updates</schemapath> 
        </schemas> 
    </update>
    <files>
        <filename>mod_helloworld.xml</filename>
        <filename module="mod_helloworld">mod_helloworld.php</filename>
        <filename>helper.php</filename>
        <filename>index.html</filename>
        <filename>tmpl/default.php</filename>
        <filename>tmpl/index.html</filename>
    </files>
    <config>
        <fields name="params">
            <fieldset name="basic">
                <field
                    name="parent"
                    type="category"
                    label="Select Category"
                    description="Choose a category to filter data"
                    extension="com_helloworld"
                    multiple="false"
                    class="inputbox">
                    <option value="0">JOPTION_SELECT_CATEGORY</option>
                </field>
                 <field
                    name="parentcity"
                    type="groupedlist"
                    label="Select City"
                    description="Choose a city to filter data"
                    extension="com_helloworld"
                    multiple="false"
                    class="inputbox">
                    <option value="0">- SELECT_CITY -</option>
                    <option value="chennai">Chennai</option>
                    <option value="madurai">Madurai</option>
                    <option value="tiruchy">Tiruchy</option>
                </field>
            </fieldset>
        </fields>
        
        <!--<fields name="params">
            <fieldset name="basic">
                <field
                    name="lang"
                    type="sql"
                    default="1"
                    label="Select a language"
                    query="SELECT id AS value, name FROM #__helloworld" />
            </fieldset>
        </fields>-->
    </config>
   <!-- <updateservers>
        <server type="extension" name="Helloworld" priority="1">http://www.example.com/helloworld_update.xml</server>
    </updateservers>

    <updates>
        <update>
            <name>Helloworld</name>
            <description>This is mod_helloworld 1.0.0</description>
            <element>mod_helloworld</element>
            <type>module</type>
            <version>1.0.0</version>
            <downloads>
                <downloadurl type="full" format="zip">http://www.example.com/mod_helloworld_101.zip</downloadurl>
            </downloads>
            <maintainer>Joomla</maintainer>
            <maintainerurl>http://www.example.com</maintainerurl>
            <targetplatform name="joomla" version="2.5"/>
            <client>site</client>
        </update>
    </updates>-->

</extension> 