<?xml version="1.0" encoding="utf-8"?>
<extension type="component" version="2.5.0" method="upgrade">

	<name>Hello World!</name>
	<creationDate>December 2023</creationDate>
	<author>Naga Murugan</author>
	<authorEmail>nagamurugan1997@gmail.com</authorEmail>
	<authorUrl>http://www.example.org</authorUrl>
	<copyright>Copyright Info</copyright>
	<license>License Info</license>
	<version>0.0.1</version>
	<description>Description of the Hello World component!</description>

    <install>
        <sql>
            <file driver="mysql" charset="utf8">sql/install.mysql.utf8.sql</file>
        </sql>
    </install>
    <uninstall>
        <sql>
            <file driver="mysql" charset="utf8">sql/uninstall.mysql.utf8.sql</file>
        </sql>
    </uninstall>

	<update>
		<schemas>
			<schemapath type="mysql">sql/updates/mysql</schemapath>
		</schemas>
	</update>

	<files folder="site">
		<filename>index.html</filename>
		<filename>helloworld.php</filename>
        <filename>controller.php</filename>
        <folder>views</folder>
        <folder>models</folder>
		<folder>language</folder>
	</files>

	<media destination="com_helloworld" folder="media">
		<filename>index.html</filename>
		<folder>images</folder>
	</media>

    <administration>
		<menu img="../media/com_helloworld/images/tux-16x16.png">MY FORM MENU</menu>
		<files folder="admin">
			<filename>index.html</filename>
			<filename>helloworld.php</filename>
            <filename>controller.php</filename>
			<folder>sql</folder>
            <folder>tables</folder>
            <folder>models</folder>
            <folder>views</folder>
			<folder>controllers</folder>
		</files>
	</administration>

</extension>