<?xml version="1.0" encoding="utf-8"?>
<extension version="2.5.0" type="plugin" group="helo">
	<name>plg_helloworld</name>
	<author>Naga Murugan</author>
	<creationDate>December 2023</creationDate>
	<copyright>Copyright (C) 2005 - 2013 Open Source Matters. All rights reserved.</copyright>
	<license>GNU General Public License version 2 or later; see LICENSE.txt</license>
	<authorEmail>naga@gmail.com</authorEmail>
	<authorUrl>www.joomla.org</authorUrl>
	<version>2.5.0</version>
	<description>PLG_SEARCH_CATEGORIES_XML_DESCRIPTION</description>
	<files>
		<filename plugin="hello">helloworld.php</filename>
		<filename>index.html</filename>
	</files>
	<languages>
   		<language tag="en-GB">en-GB.plg_content_hello.ini</language>
	</languages>
	<config>
	<fields name="params">
		<fieldset name="basic">
			<field 
				name="field1" 
				type="text"
				description="Hello field 1"
				label="Enter a Message "
			/>
			<field 
				name="field2" 
				type="text"
				description="Hello field 2"
				label="Enter a Message2 "
			/>
			 <field
				name="parentcity"
				type="groupedlist"
				label="Select City"
				description="Choose a city to filter data"
				extension="com_helloworld"
				multiple="false"
				class="inputbox">
				<option value="0">- SELECT_CITY -</option>
				<option value="chennai">Chennai</option>
				<option value="madurai">Madurai</option>
				<option value="tiruchy">Tiruchy</option>
            </field>
		</fieldset>
	</fields>
</config>
</extension>